COD_PRODUCTO;COD_INSP;NUM_LOTE;NUM_LOTE;VALORACION;RESULTADO
3000001111;PT001;1010758;1010758;A;1.0203
3000001111;PT002;1020458;1020458;A;1.0211
3000001111;PT003;1031408;1031408;A;1.0207
3000001111;PT004;1040628;1040628;A;1.0214
3000001111;PT005;1050168;1050168;A;1.0205
3000001111;PT006;1061228;1061228;A;1.0205
3000001111;PT007;1091118;1091118;A;1.0204
3000001111;PT008;1010477;1010477;A;1.0207
3000001111;PT009;1011507;1011507;A;1.0211
3000001111;PT010;1031137;1031137;A;1.0211
3000001111;PT011;1040237;1040237;A;1.0208
3000001111;PT012;1050367;1050367;A;1.0206
3000001111;PT013;1081847;1081847;A;1.0208
3000001111;PT014;1081877;1081877;A;1.0208
3000001111;PT015;1090967;1090967;A;1.0205
3000001111;PT016;1120217;1120217;A;1.0205
3000001111;PT017;1120227;1120227;A;1.0200
3000001111;PT018;1121217;1121217;A;1.0203
3000001111;PT019;1030976;1030976;A;1.0205
3000001111;PT020;1040416;1040416;A;1.0203
3000001111;PT021;1040426;1040426;A;1.0203
3000001111;PT022;1040566;1040566;A;1.0202
3000001111;PT023;1050866;1050866;A;1.0203
3000001111;PT024;1050856;1050856;A;1.0209
3000001111;PT025;1060326;1060326;A;1.0214
3000001111;PT026;1060336;1060336;A;1.0212
3000001111;PT027;1070416;1070416;A;1.0204
3000001111;PT028;1070496;1070496;A;1.0204
3000001111;PT029;1090316;1090316;A;1.0201
3000001111;PT030;1090326;1090326;A;1.0206
3000001111;PT031;1101716;1101716;A;1.0210
3000001111;PT032;1101726;1101726;A;1.0203
3000001111;PT033;1120736;1120736;A;1.0204
3000001220;PT034;2032015;2032015;A;1.0220
3000001220;PT035;2020234;2020234;A;1.0215
3000001220;PT036;2091864;2091864;A;1.0223
3000001220;PT037;2120964;2120964;A;1.0228
3000001220;PT038;2031683;2031683;A;1.0222
3000001220;PT039;2010332;2010332;A;1.0222
3000001220;PT040;1051579;1051579;A;1.0219
3000001220;PT041;1090178;1090178;A;1.0222
3000001220;PT042;1101167;1101167;A;1.0227
3000001220;PT043;1080385;1080385;A;1.0219
3000000731;PT044;2031995;2031995;A;1.0279
3000000731;PT045;2010994;2010994;A;1.0261
3000000731;PT046;2030354;2030354;A;1.0281
3000000731;PT047;2040344;2040344;A;1.0277
3000000731;PT048;2060454;2060454;A;1.0283
3000000731;PT049;2120274;2120274;A;1.0271
3000000731;PT050;2011143;2011143;A;1.0317
3000000731;PT051;2080053;2080053;A;1.0281
3000000731;PT052;2081493;2081493;A;1.0284
3000000731;PT053;2090413;2090413;A;1.0251
3000000731;PT054;2101453;2101453;A;1.0278
3000000731;PT055;2111323;2111323;A;1.0269
3000000731;PT056;2120923;2120923;A;1.0278
3000000731;PT057;2020881;2020881;A;1.0292
3000000731;PT058;2101111;2101111;A;1.0283
3000000731;PT059;2110331;2110331;A;1.0282
3000000731;PT060;2010920;2010920;A;1.0301
3000000731;PT061;2011280;2011280;A;1.0286
3000000731;PT062;2040620;2040620;A;1.0286
3000000731;PT063;2041180;2041180;A;1.0286
3000000731;PT064;2091360;2091360;A;1.0292
3000000731;PT065;2100050;2100050;A;1.0285
3000000731;PT066;2111240;2111240;A;1.0285
3000002240;PT067;2070884;2070884;A;0.9972
3000002240;PT068;2011723;2011723;A;0.9976
3000002240;PT069;2011753;2011753;A;0.9974
3000002240;PT070;2011763;2011763;A;0.9976
3000002240;PT071;2111353;2111353;A;0.9974
3000002240;PT072;2020862;2020862;A;0.9972
3000002240;PT073;2021312;2021312;A;0.9973
3000002240;PT074;2070782;2070782;A;0.9973
3000002240;PT075;2070292;2070292;A;0.9973
3000002240;PT076;2110902;2110902;A;0.9972
3000002240;PT077;2010881;2010881;A;0.9972
3000002240;PT078;2021101;2021101;A;0.9972
3000002240;PT079;2070361;2070361;A;0.9972
3000002240;PT080;2080541;2080541;A;0.9973
3000002240;PT081;2100291;2100291;A;0.9973
3000002240;PT082;2101361;2101361;A;0.9972
3000002240;PT083;2120341;2120341;A;0.9973
3000002240;PT084;2031140;2031140;A;0.9968
3000002240;PT085;2080540;2080540;A;0.9972
3000002240;PT086;2080550;2080550;A;0.9972
3000003313;PT087;2080974;2080974;A;1.0162
3000003313;PT088;2120984;2120984;A;1.0155
3000003313;PT089;2082100;2082100;A;1.0151
3000003313;PT090;2111590;2111590;A;1.0157
3000000740;PT091;2060564;2060564;A;1.0424
3000000740;PT092;2051513;2051513;A;1.0433
3000000740;PT093;2081663;2081663;A;1.0431
3000000740;PT094;2021480;2021480;A;1.0435
3000000740;PT095;1010179;1010179;A;1.0438
3000000740;PT096;1020139;1020139;A;1.0434
3000000740;PT097;1030889;1030889;A;1.0435
3000000740;PT098;1041579;1041579;A;1.0435
3000000740;PT099;1050969;1050969;A;1.0436
3000000740;PT100;1051589;1051589;A;1.0440
3000000740;PT101;1060809;1060809;A;1.0437
3000000740;PT102;1070909;1070909;A;1.0436
3000000740;PT103;1070919;1070919;A;1.0433
3000000740;PT104;1081349;1081349;A;1.0435
3000000740;PT105;1090609;1090609;A;1.0429
3000000740;PT106;1100759;1100759;A;1.0459
3000000740;PT107;1101509;1101509;A;1.0449
3000000740;PT108;1110189;1110189;A;1.0438
3000000740;PT109;1010558;1010558;A;1.0435
3000000740;PT110;1051408;1051408;A;1.0432
3000000740;PT111;1061598;1061598;A;1.0435
3000000740;PT112;1071568;1071568;A;1.0436
3000000740;PT113;1081368;1081368;A;1.0432
3000000740;PT114;1081568;1081568;A;1.0414
3000000740;PT115;1091078;1091078;A;1.0445
3000000740;PT116;1101118;1101118;A;1.0445
3000000740;PT117;1111158;1111158;A;1.0435
3000000427;PT118;2030344;2030344;A;1.0034
3000000427;PT119;2051194;2051194;A;1.0037
3000000427;PT120;2091114;2091114;A;1.0041
3000000427;PT121;2111604;2111604;A;1.0044
3000000427;PT122;2061623;2061623;A;1.0045
3000000427;PT123;2081483;2081483;A;1.0043
3000000427;PT124;2120413;2120413;A;1.0045
3000000427;PT125;2011562;2011562;A;1.0044
3000000427;PT126;2021282;2021282;A;1.0034
3000000427;PT127;2070272;2070272;A;1.0045
3000000427;PT128;2111252;2111252;A;1.0045
3000000427;PT129;2030241;2030241;A;1.0041
3000000427;PT130;2080491;2080491;A;1.0044
3000000427;PT131;2110351;2110351;A;1.0043
3000000427;PT132;2020050;2020050;A;1.0044
3000000427;PT133;2070490;2070490;A;1.0044
3000000427;PT134;2101140;2101140;A;1.0045
3000000427;PT135;1041518;1041518;A;1.0044
3000000427;PT136;1081408;1081408;A;1.0046
3000000427;PT137;1101168;1101168;A;1.0043
3000001980;PT138;1061169;1061169;A;1.0029
3000001980;PT139;1061238;1061238;A;1.0031
3000001980;PT140;1051706;1051706;A;1.0035
3000000430;PT141;2050594;2050594;A;0.9982
3000000430;PT142;2072243;2072243;A;0.9978
3000000430;PT143;2120993;2120993;A;0.9980
3000000430;PT144;1040949;1040949;A;0.9979
3000000430;PT145;1070989;1070989;A;0.9979
3000000430;PT146;1080809;1080809;A;0.9979
3000000430;PT147;1010638;1010638;A;0.9974
3000000430;PT148;1041468;1041468;A;0.9976
3000000430;PT149;1070908;1070908;A;0.9979
3000000430;PT150;1101598;1101598;A;0.9979
3000000430;PT151;1110168;1110168;A;0.9979
3000000430;PT152;1020137;1020137;A;0.9982
3000000430;PT153;1070567;1070567;A;0.9977
3000000430;PT154;1090597;1090597;A;0.9976
3000000430;PT155;1090597;1090597;A;0.9979
3000000430;PT156;1110567;1110567;A;0.9981
3000000430;PT157;1060866;1060866;A;0.9979
3000000430;PT158;1081536;1081536;A;0.9981
3000000430;PT159;1100676;1100676;A;0.9981
3000000430;PT160;1041255;1041255;A;0.9971
3000000430;PT161;1091315;1091315;A;0.9974
3000000768;PT162;2010584;2010584;A;1.0183
3000000768;PT163;2040984;2040984;A;1.0194
3000000768;PT164;2052174;2052174;A;1.0199
3000000768;PT165;2101934;2101934;A;1.0211
3000000768;PT166;2110344;2110344;A;1.0163
3000000768;PT167;2052043;2052043;A;1.0212
3000000768;PT168;2061822;2061822;A;1.0215
3000000768;PT169;2100302;2100302;A;1.0231
3000000768;PT170;2111242;2111242;A;1.0223
3000000768;PT171;2050901;2050901;A;1.0209
3000000768;PT172;2090981;2090981;A;1.0212
3000000768;PT173;2121161;2121161;A;1.0207
3000000768;PT174;2031300;2031300;A;1.0205
3000000768;PT175;1100309;1100309;A;1.0199
3000000768;PT176;1031268;1031268;A;1.0214
3000000768;PT177;1051428;1051428;A;1.0220
3000000768;PT178;1071378;1071378;A;1.0223
3000000768;PT179;1081348;1081348;A;1.0206
3000000768;PT180;1020947;1020947;A;1.0208
3000000768;PT181;1060607;1060607;A;1.0220
3000000768;PT182;1070997;1070997;A;1.0212
3000000768;PT183;1111467;1111467;A;1.0215
3000000769;PT184;2010604;2010604;A;1.0188
3000000769;PT185;2111204;2111204;A;1.0199
3000000769;PT186;2120284;2120284;A;1.0201
3000000769;PT187;2080983;2080983;A;1.0207
3000000769;PT188;2101493;2101493;A;1.0200
3000000769;PT189;2051992;2051992;A;1.0201
3000000769;PT190;2100292;2100292;A;1.0200
3000000769;PT191;2101072;2101072;A;1.0205
3000000769;PT192;2011231;2011231;A;1.0213
3000000769;PT193;2041191;2041191;A;1.0214
3000000769;PT194;2081021;2081021;A;1.0212
3000000769;PT195;2090491;2090491;A;1.0218
3000000769;PT196;2110821;2110821;A;1.0214
3000000769;PT197;2010550;2010550;A;1.0218
3000000769;PT198;2011290;2011290;A;1.0219
3000000769;PT199;2021510;2021510;A;1.0218
3000000769;PT200;1070999;1070999;A;1.0217
3000000769;PT201;1061808;1061808;A;1.0217
3000000769;PT202;1080908;1080908;A;1.0221
3000000769;PT203;1031487;1031487;A;1.0218
3000000769;PT204;1050587;1050587;A;1.0217
3000000432;PT205;2011565;2011565;A;1.0060
3000000432;PT206;2021084;2021084;A;1.0061
3000000432;PT207;2021174;2021174;A;1.0060
3000000432;PT208;2020284;2020284;A;1.0064
3000000432;PT209;2030364;2030364;A;1.0062
3000000432;PT210;2030394;2030394;A;1.0062
3000000432;PT211;2031454;2031454;A;1.0057
3000000432;PT212;2031584;2031584;A;1.0064
3000000432;PT213;2031594;2031594;A;1.0059
3000000432;PT214;2040714;2040714;A;1.0056
3000000432;PT215;2050604;2050604;A;1.0065
3000000432;PT216;2061394;2061394;A;1.0062
3000000432;PT217;2070894;2070894;A;1.0037
3000000432;PT218;2081124;2081124;A;1.0066
3000000432;PT219;2091224;2091224;A;1.0060
3000000432;PT220;2091914;2091914;A;1.0061
3000000432;PT221;2120364;2120364;A;1.0061
3000000432;PT222;2120374;2120374;A;1.0061
3000000432;PT223;2111853;2111853;A;1.0069
3000000432;PT224;2021632;2021632;A;1.0057
3000000432;PT225;2021642;2021642;A;1.0058
3000000432;PT226;2070232;2070232;A;1.0058
3000000432;PT227;2070242;2070242;A;1.0059
3000000432;PT228;2070252;2070252;A;1.0058
3000000432;PT229;2081722;2081722;A;1.0072
3000000432;PT230;2080802;2080802;A;1.0056
3000000432;PT231;2080812;2080812;A;1.0057
3000000432;PT232;2081712;2081712;A;1.0058
3000000432;PT233;2081732;2081732;A;1.0044
3000000432;PT234;2090192;2090192;A;1.0053
3000000432;PT235;2090202;2090202;A;1.0060
3000000432;PT236;2090212;2090212;A;1.0057
3000000432;PT237;2090222;2090222;A;1.0055
3000000453;PT238;2011764;2011764;A;1.0128
3000000453;PT239;2011774;2011774;A;1.0126
3000000453;PT240;2030374;2030374;A;1.0127
3000000453;PT241;2030384;2030384;A;1.0125
3000000453;PT242;2051264;2051264;A;1.0123
3000000453;PT243;2051264;2051264;A;1.0127
3000000453;PT244;2080694;2080694;A;1.0127
3000000453;PT245;2091904;2091904;A;1.0126
3000000453;PT246;2120354;2120354;A;1.0124
3000000453;PT247;2121044;2121044;A;1.0124
3000000453;PT248;2121054;2121054;A;1.0123
3000000453;PT249;2121074;2121074;A;1.0126
3000000453;PT250;2020362;2020362;A;1.0126
3000000453;PT251;2020372;2020372;A;1.0119
3000000453;PT252;2030512;2030512;A;1.0126
3000000453;PT253;2030522;2030522;A;1.0125
3000000453;PT254;2071252;2071252;A;1.0124
3000000453;PT255;2101082;2101082;A;1.0125
3000000453;PT256;2101102;2101102;A;1.0126
3000000453;PT257;2020861;2020861;A;1.0126
3000000453;PT258;2030181;2030181;A;1.0127
3000000453;PT259;2080961;2080961;A;1.0126
3000000453;PT260;2080971;2080971;A;1.0126
3000002222;PT261;2031065;2031065;A;1.0063
3000000733;PT262;2010655;2010655;A;1.0091
3000000733;PT263;2031004;2031004;A;1.0090
3000000733;PT264;2050854;2050854;A;1.0084
3000000733;PT265;2061653;2061653;A;1.0089
3000000733;PT266;2091143;2091143;A;1.0091
3000000733;PT267;2101703;2101703;A;1.0091
3000000733;PT268;2120423;2120423;A;1.0089
3000000733;PT269;2120433;2120433;A;1.0091
3000000733;PT270;2020832;2020832;A;1.0090
3000000733;PT271;2020842;2020842;A;1.0091
3000000733;PT272;2020852;2020852;A;1.0092
3000000733;PT273;2050522;2050522;A;1.0091
3000000733;PT274;2071282;2071282;A;1.0090
3000000733;PT275;2110392;2110392;A;1.0090
3000000733;PT276;2020471;2020471;A;1.0091
3000000733;PT277;2020891;2020891;A;1.0091
3000000733;PT278;2030221;2030221;A;1.0091
3000000733;PT279;2030211;2030211;A;1.0091
3000000733;PT280;2050711;2050711;A;1.0091
3000000733;PT281;2050161;2050161;A;1.0091
3000000733;PT282;2050171;2050171;A;1.0091
3000000733;PT283;2060311;2060311;A;1.0091
3000000733;PT284;2061451;2061451;A;1.0091
3000000733;PT285;2070271;2070271;A;1.0091
3000000733;PT286;2070281;2070281;A;1.0090
3000000733;PT287;2070801;2070801;A;1.0091
3000000733;PT288;2080451;2080451;A;1.0090
3000000733;PT289;2080461;2080461;A;1.0091
3000000733;PT290;2100991;2100991;A;1.0091
3000000733;PT291;2101001;2101001;A;1.0091
3000000733;PT292;2110371;2110371;A;1.0092
3000000733;PT293;2110361;2110361;A;1.0087
3000000470;PT294;2011794;2011794;A;1.0051
3000000470;PT295;2051474;2051474;A;1.0052
3000000470;PT296;2111793;2111793;A;1.0050
3000000470;PT297;2080993;2080993;A;1.0052
3000000470;PT298;2050222;2050222;A;1.0050
3000000470;PT299;2080242;2080242;A;1.0049
3000000470;PT300;2021560;2021560;A;1.0052
3000000470;PT301;2120890;2120890;A;1.0049
3000000470;PT302;1031479;1031479;A;1.0049
3000000470;PT303;1111199;1111199;A;1.0032
3000000470;PT304;1101158;1101158;A;1.0052
3000000470;PT305;1080997;1080997;A;1.0053
3000000470;PT306;1091277;1091277;A;1.0047
3000000470;PT307;1111537;1111537;A;1.0051
3000000470;PT308;1041396;1041396;A;1.0048
3000000470;PT309;1080556;1080556;A;1.0045
3000000470;PT310;1081556;1081556;A;1.0044
3000000470;PT311;1060865;1060865;A;1.0046
3000000470;PT312;1081035;1081035;A;1.0057
3000000470;PT313;1090435;1090435;A;1.0050
3000002750;PT314;2050584;2050584;A;1.0108
3000002750;PT315;2051224;2051224;A;1.0109
3000002750;PT316;2051514;2051514;A;1.0108
3000002750;PT317;2030423;2030423;A;1.0112
3000002750;PT318;2030063;2030063;A;1.0114
3000002750;PT319;2062063;2062063;A;1.0109
3000002750;PT320;2010800;2010800;A;1.0111
3000002750;PT321;2010990;2010990;A;1.0115
3000002750;PT322;1081539;1081539;A;1.0110
3000002750;PT323;1081539;1081539;A;1.0113
3000002750;PT324;1102059;1102059;A;1.0110
3000002750;PT325;1102099;1102099;A;1.0117
3000002750;PT326;1111629;1111629;A;1.0113
3000002750;PT327;1112299;1112299;A;1.0110
3000002750;PT328;1120549;1120549;A;1.0116
3000002750;PT329;1121199;1121199;A;1.0113
3000002750;PT330;1011568;1011568;A;1.0114
3000002750;PT331;1051818;1051818;A;1.0112
3000002750;PT332;1090468;1090468;A;1.0109
3000002750;PT333;1091338;1091338;A;1.0110
3000002750;PT334;1110568;1110568;A;1.0111
3000002750;PT335;1120598;1120598;A;1.0110
3000000471;PT336;2041314;2041314;A;1.0149
3000000471;PT337;2071534;2071534;A;1.0149
3000000471;PT338;2091094;2091094;A;1.0150
3000000471;PT339;2091104;2091104;A;1.0142
3000000471;PT340;2091174;2091174;A;1.0147
3000000471;PT341;2091184;2091184;A;1.0151
3000000471;PT342;2091204;2091204;A;1.0148
3000000471;PT343;2091214;2091214;A;1.0152
3000000471;PT344;2120244;2120244;A;1.0150
3000000471;PT345;2120254;2120254;A;1.0128
3000000471;PT346;2010183;2010183;A;1.0156
3000000471;PT347;2080323;2080323;A;1.0151
3000000471;PT348;2080383;2080383;A;1.0148
3000000471;PT349;2080262;2080262;A;1.0151
3000000471;PT350;2031091;2031091;A;1.0154
3000000471;PT351;2070831;2070831;A;1.0152
3000000471;PT352;2110831;2110831;A;1.0152
3000000471;PT353;2010400;2010400;A;1.0151
3000000471;PT354;2031840;2031840;A;1.0152
3000000471;PT355;2110440;2110440;A;1.0154
3000001200;PT356;2022435;2022435;A;1.0483
3000001200;PT357;2022445;2022445;A;1.0467
3000001200;PT358;2022475;2022475;A;1.0452
3000001200;PT359;2022485;2022485;A;1.0476
3000001200;PT360;2022495;2022495;A;1.0471
3000001200;PT361;2031375;2031375;A;1.0496
3000001200;PT362;2031375;2031375;A;1.0489
3000001200;PT363;2031405;2031405;A;1.0473
3000001200;PT364;2031385;2031385;A;1.0484
3000001200;PT365;2081634;2081634;A;1.0485
3000001200;PT366;2091024;2091024;A;1.0480
3000001200;PT367;2102064;2102064;A;1.0491
3000001200;PT368;2112094;2112094;A;1.0488
3000001200;PT369;2121004;2121004;A;1.0491
3000001200;PT370;2010264;2010264;A;1.0498
3000001200;PT371;2020274;2020274;A;1.0470
3000001200;PT372;2051164;2051164;A;1.0470
3000001200;PT373;2060584;2060584;A;1.0472
3000001200;PT374;2060594;2060594;A;1.0477
3000001200;PT375;2060614;2060614;A;1.0480
3000001740;PT376;2022505;2022505;A;1.0485
3000001740;PT377;2022515;2022515;A;1.0501
3000001740;PT378;2031355;2031355;A;1.0491
3000001740;PT379;2051174;2051174;A;1.0473
3000001740;PT380;2081674;2081674;A;1.0484
3000001740;PT381;2091014;2091014;A;1.0487
3000001740;PT382;2120994;2120994;A;1.0488
3000001740;PT383;2032053;2032053;A;1.0480
3000001740;PT384;2041133;2041133;A;1.0469
3000001740;PT385;2051353;2051353;A;1.0486
3000001740;PT386;2070623;2070623;A;1.0458
3000001740;PT387;2081363;2081363;A;1.0467
3000001740;PT388;2100553;2100553;A;1.0480
3000001740;PT389;2020412;2020412;A;1.0462
3000001740;PT390;2041182;2041182;A;1.0454
3000001740;PT391;2111392;2111392;A;1.0464
3000001740;PT392;2121522;2121522;A;1.0471
3000001740;PT393;2060491;2060491;A;1.0476
3000001740;PT394;2050691;2050691;A;1.0476
3000001740;PT395;2070921;2070921;A;1.0479
3000001740;PT396;2081461;2081461;A;1.0461
3000001740;PT397;2081891;2081891;A;1.0477
3000001740;PT398;2081851;2081851;A;1.0477
3000001292;PT399;2031365;2031365;A;1.0494
3000001292;PT400;2031365;2031365;A;1.0495
3000001292;PT401;2020714;2020714;A;1.0475
3000001292;PT402;2040494;2040494;A;1.0477
3000001292;PT403;2060604;2060604;A;1.0480
3000001292;PT404;2102074;2102074;A;1.0490
3000001292;PT405;2032143;2032143;A;1.0517
3000001292;PT406;2050723;2050723;A;1.0489
3000001292;PT407;2071803;2071803;A;1.0465
3000001292;PT408;2082053;2082053;A;1.0462
3000001292;PT409;2091103;2091103;A;1.0459
3000001292;PT410;2111192;2111192;A;1.0459
3000001292;PT411;2121162;2121162;A;1.0469
3000001292;PT412;2030541;2030541;A;1.0480
3000001292;PT413;2031031;2031031;A;1.0479
3000001292;PT414;2041471;2041471;A;1.0475
3000001292;PT415;2031130;2031130;A;1.0490
3000001292;PT416;2081900;2081900;A;1.0494
3000001292;PT417;2101020;2101020;A;1.0486
3000001292;PT418;2110850;2110850;A;1.0489
3000000436;PT419;2011555;2011555;A;0.9991
3000000436;PT420;2012145;2012145;A;0.9992
3000000436;PT421;2021805;2021805;A;0.9992
3000000436;PT422;2071894;2071894;A;0.9991
3000000436;PT423;2101524;2101524;A;0.9993
3000000436;PT424;2101534;2101534;A;0.9993
3000000436;PT425;2112374;2112374;A;0.9992
3000000436;PT426;2021252;2021252;A;0.9991
3000000436;PT427;2050702;2050702;A;0.9991
3000000436;PT428;2051372;2051372;A;0.9991
3000000436;PT429;2091382;2091382;A;0.9991
3000000436;PT430;2091822;2091822;A;0.9990
3000000436;PT431;2111032;2111032;A;0.9989
3000000436;PT432;2120252;2120252;A;0.9991
3000000436;PT433;2120262;2120262;A;0.9991
3000000436;PT434;2010810;2010810;A;0.9987
3000000436;PT435;2020700;2020700;A;0.9990
3000000436;PT436;2020110;2020110;A;0.9989
3000000436;PT437;2031310;2031310;A;0.9992
3000000436;PT438;2092540;2092540;A;0.9992
3000000436;PT439;2111280;2111280;A;0.9991
3000000436;PT440;2110880;2110880;A;0.9991
3000000436;PT441;2111620;2111620;A;0.9991
3000000436;PT442;2120820;2120820;A;0.9991
3000003333;PT443;2011460;2011460;A;0.9989
3000003333;PT444;2021100;2021100;A;0.9985
3000003333;PT445;2050610;2050610;A;0.9989
3000003333;PT446;1010579;1010579;A;0.9988
3000003333;PT447;1090379;1090379;A;0.9989
3000003333;PT448;1100659;1100659;A;0.9989
3000003333;PT449;1010998;1010998;A;0.9989
3000003333;PT450;1052048;1052048;A;0.9990
3000003333;PT451;1090758;1090758;A;0.9989
3000003333;PT452;1101758;1101758;A;0.9989
3000003333;PT453;1021017;1021017;A;0.9995
3000003333;PT454;1070427;1070427;A;0.9981
3000003333;PT455;1101297;1101297;A;0.9971
3000003333;PT456;1111157;1111157;A;0.9978
3000003333;PT457;1020976;1020976;A;0.9983
3000003333;PT458;1061406;1061406;A;0.9988
3000003333;PT459;1081426;1081426;A;0.9984
3000003333;PT460;1111336;1111336;A;0.9981
3000003333;PT461;1030815;1030815;A;0.9981
3000003333;PT462;1051205;1051205;A;0.9997
3000003333;PT463;1081435;1081435;A;0.9983
3000003333;PT464;1110125;1110125;A;0.9988
3000001090;PT465;2020455;2020455;A;0.9970
3000001090;PT466;2020465;2020465;A;0.9970
3000001090;PT467;2021355;2021355;A;0.9970
3000001090;PT468;2021105;2021105;A;0.9971
3000001090;PT469;2021855;2021855;A;0.9970
3000001090;PT470;2021875;2021875;A;0.9970
3000001090;PT471;2022525;2022525;A;0.9971
3000001090;PT472;2022535;2022535;A;0.9971
3000001090;PT473;2022555;2022555;A;0.9971
3000001090;PT474;2031345;2031345;A;0.9973
3000001090;PT475;2010314;2010314;A;0.9972
3000001090;PT476;2010324;2010324;A;0.9972
3000001090;PT477;2010664;2010664;A;0.9971
3000001090;PT478;2010674;2010674;A;0.9972
3000001090;PT479;2010634;2010634;A;0.9972
3000001090;PT480;2040364;2040364;A;0.9972
3000001090;PT481;2040374;2040374;A;0.9972
3000001090;PT482;2050614;2050614;A;0.9971
3000001090;PT483;2050624;2050624;A;0.9971
3000001090;PT484;2050634;2050634;A;0.9972
3000001090;PT485;2091144;2091144;A;0.9970
3000001090;PT486;2091154;2091154;A;0.9970
3000001090;PT487;2111624;2111624;A;0.9970
3000001090;PT488;2111634;2111634;A;0.9970
3000001090;PT489;2111644;2111644;A;0.9970
3000001090;PT490;2111654;2111654;A;0.9969
3000001090;PT491;2111664;2111664;A;0.9970
3000001090;PT492;2121644;2121644;A;0.9971
3000001090;PT493;2120984;2120984;A;0.9970
3000003000;PT494;2021365;2021365;A;1.0157
3000003000;PT495;2021375;2021375;A;1.0154
3000003000;PT496;2021524;2021524;A;1.0153
3000003000;PT497;2041034;2041034;A;1.0152
3000003000;PT498;2051504;2051504;A;1.0151
3000003000;PT499;2061404;2061404;A;1.0155
3000003000;PT500;2061414;2061414;A;1.0150
3000003000;PT501;2061414;2061414;A;1.0155
3000003000;PT502;2071554;2071554;A;1.0177
3000003000;PT503;2071554;2071554;A;1.0148
3000003000;PT504;2081064;2081064;A;1.0157
3000003000;PT505;2082434;2082434;A;1.0151
3000003000;PT506;2100954;2100954;A;1.0155
3000003000;PT507;2101494;2101494;A;1.0144
3000003000;PT508;2050643;2050643;A;1.0154
3000003000;PT509;2050653;2050653;A;1.0141
3000003000;PT510;2080303;2080303;A;1.0150
3000003000;PT511;2080313;2080313;A;1.0158
3000003000;PT512;2101093;2101093;A;1.0152
3000003000;PT513;2102023;2102023;A;1.0153
3000003000;PT514;2102023;2102023;A;1.0150
3000003000;PT515;2110103;2110103;A;1.0153
3000003000;PT516;2120953;2120953;A;1.0155
3000000437;PT517;2020174;2020174;A;1.0052
3000000437;PT518;2061424;2061424;A;1.0062
3000000437;PT519;2090474;2090474;A;1.0050
3000000437;PT520;2011023;2011023;A;1.0053
3000000437;PT521;2011033;2011033;A;1.0053
3000000437;PT522;2032063;2032063;A;1.0053
3000000437;PT523;2081463;2081463;A;1.0052
3000000437;PT524;2031612;2031612;A;1.0051
3000000437;PT525;2080752;2080752;A;1.0053
3000000437;PT526;2020401;2020401;A;1.0051
3000000437;PT527;2110981;2110981;A;1.0052
3000000437;PT528;2020810;2020810;A;1.0051
3000000437;PT529;2101510;2101510;A;1.0051
3000000437;PT530;1040499;1040499;A;1.0051
3000000437;PT531;1120489;1120489;A;1.0049
3000000437;PT532;1121407;1121407;A;1.0044
3000000437;PT533;1031498;1031498;A;1.0054
3000000437;PT534;1060658;1060658;A;1.0052
3000000437;PT535;1100618;1100618;A;1.0052
3000000437;PT536;1011487;1011487;A;1.0053
3000000437;PT537;1040267;1040267;A;1.0054
3000000437;PT538;1050597;1050597;A;1.0049
3000000437;PT539;1071187;1071187;A;1.0055
3000002432;PT540;2010304;2010304;A;0.9974
3000002432;PT541;2011064;2011064;A;0.9967
3000002432;PT542;2011074;2011074;A;0.9958
3000002432;PT543;2011084;2011084;A;0.9978
3000002432;PT544;2011094;2011094;A;0.9969
3000002432;PT545;2011104;2011104;A;0.9974
3000002432;PT546;2011114;2011114;A;0.9977
3000002432;PT547;2020104;2020104;A;0.9966
3000002432;PT548;2020644;2020644;A;0.9973
3000002432;PT549;2021194;2021194;A;0.9976
3000002432;PT550;2021204;2021204;A;0.9956
3000002432;PT551;2021214;2021214;A;0.9974
3000002432;PT552;2021224;2021224;A;0.9982
3000002432;PT553;2021234;2021234;A;0.9967
3000002432;PT554;2031124;2031124;A;0.9967
3000002432;PT555;2031134;2031134;A;0.9974
3000002432;PT556;2031144;2031144;A;0.9975
3000002432;PT557;2031154;2031154;A;0.9962
3000002432;PT558;2031164;2031164;A;0.9978
3000002432;PT559;2031174;2031174;A;0.9974
3000002432;PT560;2040734;2040734;A;0.9973
3000002432;PT561;2041324;2041324;A;0.9975
3000002432;PT562;2041334;2041334;A;0.9972
3000002432;PT563;2041344;2041344;A;0.9971
3000002432;PT564;2041354;2041354;A;0.9974
3000002432;PT565;2051524;2051524;A;0.9974
3000002432;PT566;2051534;2051534;A;0.9979
3000002432;PT567;2051544;2051544;A;0.9977
3000002432;PT568;2051884;2051884;A;0.9974
3000002432;PT569;2061364;2061364;A;0.9970
3000002432;PT570;2070614;2070614;A;0.9977
3000002432;PT571;2071884;2071884;A;0.9975
3000002432;PT572;2072024;2072024;A;0.9975
3000002432;PT573;2072214;2072214;A;0.9973
3000002432;PT574;2080194;2080194;A;0.9972
3000002432;PT575;2082224;2082224;A;0.9977
3000002432;PT576;2082234;2082234;A;0.9973
3000002432;PT577;2082344;2082344;A;0.9974
3000002432;PT578;2082364;2082364;A;0.9968
3000002432;PT579;2091034;2091034;A;0.9973
3000002432;PT580;2090444;2090444;A;0.9984
3000002432;PT581;2082354;2082354;A;0.9981
3000000472;PT582;2041614;2041614;A;1.0046
3000000472;PT583;2100354;2100354;A;1.0048
3000000472;PT584;2101464;2101464;A;1.0037
3000000472;PT585;2120294;2120294;A;1.0038
3000000472;PT586;2121614;2121614;A;1.0037
3000000472;PT587;2021262;2021262;A;1.0039
3000000472;PT588;2030532;2030532;A;1.0029
3000000472;PT589;2030542;2030542;A;1.0039
3000000472;PT590;2030552;2030552;A;1.0039
3000000472;PT591;2050212;2050212;A;1.0039
3000000472;PT592;2061512;2061512;A;1.0039
3000000472;PT593;2080252;2080252;A;1.0040
3000000472;PT594;2091232;2091232;A;1.0040
3000000472;PT595;2091252;2091252;A;1.0039
3000000472;PT596;2091242;2091242;A;1.0033
3000000472;PT597;1020619;1020619;A;1.0037
3000000472;PT598;1020949;1020949;A;1.0038
3000000472;PT599;1100799;1100799;A;1.0036
3000000472;PT600;1100349;1100349;A;1.0031
3000000472;PT601;1110829;1110829;A;1.0040
3000000472;PT602;1110209;1110209;A;1.0032
3000000472;PT603;1120499;1120499;A;1.0037
3000000472;PT604;1121179;1121179;A;1.0038
3000000472;PT605;1121189;1121189;A;1.0040
3000002470;PT606;2010624;2010624;A;1.0036
3000002470;PT607;2100141;2100141;A;1.0036
3000002470;PT608;2060130;2060130;A;1.0036
3000002470;PT609;1121499;1121499;A;1.0039
3000002470;PT610;1091108;1091108;A;1.0037
3000002470;PT611;1061886;1061886;A;1.0039
3000002470;PT612;1061886;1061886;A;1.0035
3000002470;PT613;1100146;1100146;A;1.0037
3000001730;PT614;2011975;2011975;A;1.3483
3000001730;PT615;2010284;2010284;A;1.3514
3000001730;PT616;2010964;2010964;A;1.3492
3000001730;PT617;2020194;2020194;A;1.3473
3000001730;PT618;2060644;2060644;A;1.3465
3000001730;PT619;2090504;2090504;A;1.3494
3000001730;PT620;2100733;2100733;A;1.3480
3000001730;PT621;2100713;2100713;A;1.3498
3000001730;PT622;2120983;2120983;A;1.3437
3000001730;PT623;2081212;2081212;A;1.3466
3000001730;PT624;2100272;2100272;A;1.3444
3000001730;PT625;2100282;2100282;A;1.3469
3000001730;PT626;2111262;2111262;A;1.3470
3000001730;PT627;1080725;1080725;A;1.3488
3000001730;PT628;1120215;1120215;A;1.3476
3000001900;PT629;2011255;2011255;A;1.4061
3000001900;PT630;2011985;2011985;A;1.4080
3000001900;PT631;2020925;2020925;A;1.4056
3000001900;PT632;2021335;2021335;A;1.4081
3000001900;PT633;2021345;2021345;A;1.4070
3000001900;PT634;2030355;2030355;A;1.4066
3000001900;PT635;2032335;2032335;A;1.4036
3000001900;PT636;2010334;2010334;A;1.4065
3000001900;PT637;2010344;2010344;A;1.4084
3000001900;PT638;2040384;2040384;A;1.4022
3000001900;PT639;2060654;2060654;A;1.4021
3000001900;PT640;2061454;2061454;A;1.4084
3000001900;PT641;2071584;2071584;A;1.4070
3000001900;PT642;2080664;2080664;A;1.4032
3000001900;PT643;2081114;2081114;A;1.4030
3000001900;PT644;2082214;2082214;A;1.4039
3000001900;PT645;2081094;2081094;A;1.4003
3000001900;PT646;2082284;2082284;A;1.4035
3000001900;PT647;2091254;2091254;A;1.4012
3000001900;PT648;2101994;2101994;A;1.4058
3000001900;PT649;2102294;2102294;A;1.4062
3000001900;PT650;2102304;2102304;A;1.4048
3000001900;PT651;2112114;2112114;A;1.4043
3000001900;PT652;2112124;2112124;A;1.4080
3000001900;PT653;2112334;2112334;A;1.4089
3000001900;PT654;2112344;2112344;A;1.4043
3000001900;PT655;2121834;2121834;A;1.4065
3000001011;PT656;2011105;2011105;A;1.3391
3000001011;PT657;2011125;2011125;A;1.3376
3000001011;PT658;2012915;2012915;A;1.3399
3000001011;PT659;2020435;2020435;A;1.3408
3000001011;PT660;2030365;2030365;A;1.3360
3000001011;PT661;2031425;2031425;A;1.3352
3000001011;PT662;2031435;2031435;A;1.3344
3000001011;PT663;2031415;2031415;A;1.3406
3000001011;PT664;2031975;2031975;A;1.3354
3000001011;PT665;2010374;2010374;A;1.3367
3000001011;PT666;2010644;2010644;A;1.3381
3000001011;PT667;2020204;2020204;A;1.3375
3000001011;PT668;2020224;2020224;A;1.3357
3000001011;PT669;2020244;2020244;A;1.3381
3000001011;PT670;2040954;2040954;A;1.3350
3000001011;PT671;2051244;2051244;A;1.3396
3000001011;PT672;2051454;2051454;A;1.3382
3000001011;PT673;2090524;2090524;A;1.3355
3000001011;PT674;2091234;2091234;A;1.3317
3000001011;PT675;2091884;2091884;A;1.3362
3000001011;PT676;2101984;2101984;A;1.3341
3000001011;PT677;2120314;2120314;A;1.3409
3000001011;PT678;2120314;2120314;A;1.3385
3000001011;PT679;2121014;2121014;A;1.3352
3000001011;PT680;2121024;2121024;A;1.3369
3000001013;PT681;2011115;2011115;A;1.4220
3000001013;PT682;2031985;2031985;A;1.4118
3000001013;PT683;2010364;2010364;A;1.4134
3000001013;PT684;2010354;2010354;A;1.4165
3000001013;PT685;2020214;2020214;A;1.4148
3000001013;PT686;2030984;2030984;A;1.4179
3000001013;PT687;2061484;2061484;A;1.4103
3000001013;PT688;2071574;2071574;A;1.4134
3000001013;PT689;2090514;2090514;A;1.4168
3000001013;PT690;2091134;2091134;A;1.4110
3000001013;PT691;2091264;2091264;A;1.4109
3000001013;PT692;2094274;2094274;A;1.4109
3000001013;PT693;2101974;2101974;A;1.4106
3000001013;PT694;2102284;2102284;A;1.4092
3000001013;PT695;2120954;2120954;A;1.4159
3000001013;PT696;2120304;2120304;A;1.4130
3000001013;PT697;2091993;2091993;A;1.4195
3000001013;PT698;2102053;2102053;A;1.4125
3000001013;PT699;2111043;2111043;A;1.4159
3000001013;PT700;2111053;2111053;A;1.4142
3000001013;PT701;2120743;2120743;A;1.4148
3000001013;PT702;2120733;2120733;A;1.4159
3000000850;PT703;2091133;2091133;A;1.0045
3000000850;PT704;2090511;2090511;A;1.0045
3000000850;PT705;2031360;2031360;A;1.0048
3000000850;PT706;1070598;1070598;A;1.0049
3000000850;PT707;1030207;1030207;A;1.0046
3000000850;PT708;1051517;1051517;A;1.0048
3000000850;PT709;1071186;1071186;A;1.0063
3000001261;PT710;2010382;2010382;A;0.9946
3000001261;PT711;2020830;2020830;A;0.9954
3000001261;PT712;1040468;1040468;A;0.9946
3000001261;PT713;1110158;1110158;A;0.9947
3000000473;PT714;2010274;2010274;A;1.0098
3000000473;PT715;2060424;2060424;A;1.0098
3000000473;PT716;2072344;2072344;A;1.0104
3000000473;PT717;2080614;2080614;A;1.0109
3000000473;PT718;2091833;2091833;A;1.0101
3000000473;PT719;2060652;2060652;A;1.0103
3000000473;PT720;2060652;2060652;A;1.0102
3000000473;PT721;2091262;2091262;A;1.0101
3000000473;PT722;2011221;2011221;A;1.0098
3000000473;PT723;2031111;2031111;A;1.0102
3000000473;PT724;2090191;2090191;A;1.0103
3000000473;PT725;2101371;2101371;A;1.0103
3000000473;PT726;2020060;2020060;A;1.0101
3000000473;PT727;2041650;2041650;A;1.0102
3000000473;PT728;2110890;2110890;A;1.0103
3000000473;PT729;1021369;1021369;A;1.0105
3000000473;PT730;1080799;1080799;A;1.0105
3000000473;PT731;1011258;1011258;A;1.0119
3000000473;PT732;1020678;1020678;A;1.0110
3000000473;PT733;1051028;1051028;A;1.0106
3000000473;PT734;1090328;1090328;A;1.0105
3000000473;PT735;1101638;1101638;A;1.0098
3000003190;PT736;2011784;2011784;A;0.7869
3000003190;PT737;2040324;2040324;A;0.7866
3000003190;PT738;2052154;2052154;A;0.7878
3000003190;PT739;2080604;2080604;A;0.7859
3000003190;PT740;2050493;2050493;A;0.7907
3000003190;PT741;2061113;2061113;A;0.7922
3000003190;PT742;2082223;2082223;A;0.7885
3000003190;PT743;2010462;2010462;A;0.7907
3000003190;PT744;2081142;2081142;A;0.7911
3000003190;PT745;2100252;2100252;A;0.7902
3000003190;PT746;2101021;2101021;A;0.7890
3000003190;PT747;2041020;2041020;A;0.7892
3000003190;PT748;1020289;1020289;A;0.7917
3000003190;PT749;1030339;1030339;A;0.7890
3000003190;PT750;1070459;1070459;A;0.7879
3000003190;PT751;1121599;1121599;A;0.7865
3000000438;PT752;2080963;2080963;A;1.0111
3000000438;PT753;2111863;2111863;A;1.0103
3000000438;PT754;2040041;2040041;A;1.0111
3000000438;PT755;2040041;2040041;A;1.0102
3000000438;PT756;2080431;2080431;A;1.0118
3000000438;PT757;2090131;2090131;A;1.0106
3000000438;PT758;2040480;2040480;A;1.0107
3000000438;PT759;2110820;2110820;A;1.0107
3000000438;PT760;1030899;1030899;A;1.0111
3000000438;PT761;1111059;1111059;A;1.0111
3000000438;PT762;1061608;1061608;A;1.0109
3000000438;PT763;1091388;1091388;A;1.0108
3000000438;PT764;1050577;1050577;A;1.0112
3000000438;PT765;1091236;1091236;A;1.0111
3000002320;PT766;1041068;1041068;A;1.0020
3000002320;PT767;1041258;1041258;A;1.0024
3000002320;PT768;1041528;1041528;A;1.0025
3000002320;PT769;1072168;1072168;A;1.0024
3000002320;PT770;1072238;1072238;A;1.0022
3000002320;PT771;1080918;1080918;A;1.0017
3000002320;PT772;1120608;1120608;A;1.0019
3000002320;PT773;1121228;1121228;A;1.0024
3000002320;PT774;1010347;1010347;A;1.0021
3000002320;PT775;1020557;1020557;A;1.0021
3000002320;PT776;1020567;1020567;A;1.0022
3000002320;PT777;1031147;1031147;A;1.0016
3000002320;PT778;1040867;1040867;A;1.0023
3000002320;PT779;1040547;1040547;A;1.0024
3000002320;PT780;1060157;1060157;A;1.0022
3000002320;PT781;1061057;1061057;A;1.0018
3000002320;PT782;1061207;1061207;A;1.0022
3000002320;PT783;1061237;1061237;A;1.0024
3000002320;PT784;1040386;1040386;A;1.0013
3000002320;PT785;1040396;1040396;A;1.0019
3000002320;PT786;1080566;1080566;A;1.0022
3000002320;PT787;1080936;1080936;A;1.0018
3000002320;PT788;1090856;1090856;A;1.0024
3000002320;PT789;1100156;1100156;A;1.0022
3000002320;PT790;1110056;1110056;A;1.0024
3000002320;PT791;1110066;1110066;A;1.0023
3000004444;PT792;1061766;1061766;A;1.0098
3000004444;PT793;1061776;1061776;A;1.0087
3000004444;PT794;1070866;1070866;A;1.0101
3000004444;PT795;1070876;1070876;A;1.0098
3000004444;PT796;1090206;1090206;A;1.0088
3000004444;PT797;1090216;1090216;A;1.0091
3000004444;PT798;1090226;1090226;A;1.0089
3000004444;PT799;1100196;1100196;A;1.0091
3000004444;PT800;1120416;1120416;A;1.0088
3000004444;PT801;1120426;1120426;A;1.0085
3000004444;PT802;1121146;1121146;A;1.0099
3000004444;PT803;1121156;1121156;A;1.0088
3000000440;PT804;2011915;2011915;A;0.9980
3000000440;PT805;2011754;2011754;A;0.9982
3000000440;PT806;2051844;2051844;A;0.9980
3000000440;PT807;2101924;2101924;A;0.9980
3000000440;PT808;2090383;2090383;A;0.9979
3000000440;PT809;2010992;2010992;A;0.9980
3000000440;PT810;2011002;2011002;A;0.9979
3000000440;PT811;2011012;2011012;A;0.9980
3000000440;PT812;2091772;2091772;A;0.9980
3000000440;PT813;2091912;2091912;A;0.9980
3000000440;PT814;2021031;2021031;A;0.9980
3000000440;PT815;2080481;2080481;A;0.9978
3000000440;PT816;2120351;2120351;A;0.9980
3000000440;PT817;2091690;2091690;A;0.9980
3000000440;PT818;2101120;2101120;A;0.9980
3000000440;PT819;2110040;2110040;A;0.9979
3000000440;PT820;1020219;1020219;A;0.9980
3000000440;PT821;1050799;1050799;A;0.9981
3000000440;PT822;1070229;1070229;A;0.9980
3000000440;PT823;1120529;1120529;A;0.9982
3000000439;PT824;2060474;2060474;A;0.9989
3000000439;PT825;2071184;2071184;A;0.9992
3000000439;PT826;2070914;2070914;A;0.9989
3000000439;PT827;2071564;2071564;A;0.9983
3000000439;PT828;2071564;2071564;A;0.9995
3000000439;PT829;2081684;2081684;A;0.9988
3000000439;PT830;2081694;2081694;A;0.9991
3000000439;PT831;2100364;2100364;A;0.9993
3000000439;PT832;2112304;2112304;A;0.9993
3000000439;PT833;2120624;2120624;A;0.9992
3000000439;PT834;2121624;2121624;A;0.9994
3000000439;PT835;2040313;2040313;A;0.9990
3000000439;PT836;2040323;2040323;A;0.9998
3000000439;PT837;2041033;2041033;A;0.9995
3000000439;PT838;2011322;2011322;A;0.9990
3000000439;PT839;2011332;2011332;A;0.9988
3000000439;PT840;2011342;2011342;A;0.9982
3000000439;PT841;2011352;2011352;A;0.9988
3000000439;PT842;2011362;2011362;A;0.9990
3000000439;PT843;2060022;2060022;A;0.9994
3000000439;PT844;2060032;2060032;A;0.9994
3000000439;PT845;2070182;2070182;A;0.9994
3000000439;PT846;2070202;2070202;A;0.9994
3000000439;PT847;2070742;2070742;A;0.9994
3000000439;PT848;2070752;2070752;A;0.9994
3000000439;PT849;2070762;2070762;A;0.9994
3000000439;PT850;2070772;2070772;A;0.9994
3000000439;PT851;2070212;2070212;A;0.9994
3000000439;PT852;2070192;2070192;A;0.9994
3000000734;PT853;2010980;2010980;A;0.9943
3000000734;PT854;1050949;1050949;A;0.9946
3000000734;PT855;1070469;1070469;A;0.9942
3000000734;PT856;1080369;1080369;A;0.9933
3000000734;PT857;1112039;1112039;A;0.9955
3000000734;PT858;1051048;1051048;A;0.9938
3000000734;PT859;1110718;1110718;A;0.9941
3000000734;PT860;1011477;1011477;A;0.9945
3000000734;PT861;1070607;1070607;A;0.9943
3000000734;PT862;1030856;1030856;A;0.9939
3000000734;PT863;1051466;1051466;A;0.9931
3000000734;PT864;1051466;1051466;A;0.9931
3000000734;PT865;1070105;1070105;A;0.9931
3000000734;PT866;1110235;1110235;A;0.9941
3000005555;PT867;2012305;2012305;A;1.0135
3000005555;PT868;2021064;2021064;A;1.0136
3000005555;PT869;2021534;2021534;A;1.0135
3000005555;PT870;2050564;2050564;A;1.0133
3000005555;PT871;2013063;2013063;A;1.0134
3000005555;PT872;2031483;2031483;A;1.0137
3000005555;PT873;2031493;2031493;A;1.0136
3000005555;PT874;2041063;2041063;A;1.0137
3000005555;PT875;2080353;2080353;A;1.0144
3000005555;PT876;2091823;2091823;A;1.0133
3000005555;PT877;2021432;2021432;A;1.0132
3000005555;PT878;2050622;2050622;A;1.0133
3000005555;PT879;2050632;2050632;A;1.0134
3000005555;PT880;2050642;2050642;A;1.0134
3000005555;PT881;2100702;2100702;A;1.0135
3000005555;PT882;2021221;2021221;A;1.0134
3000005555;PT883;2050231;2050231;A;1.0132
3000005555;PT884;2080421;2080421;A;1.0134
3000005555;PT885;2120781;2120781;A;1.0133
3000005555;PT886;2020040;2020040;A;1.0137
3000005555;PT887;2041420;2041420;A;1.0130
3000005555;PT888;2120870;2120870;A;1.0110
3000003550;PT889;2011315;2011315;A;1.0100
3000003550;PT890;2032025;2032025;A;1.0102
3000003550;PT891;2032035;2032035;A;1.0103
3000003550;PT892;2032045;2032045;A;1.0102
3000003550;PT893;2032375;2032375;A;1.0102
3000003550;PT894;2032385;2032385;A;1.0103
3000003550;PT895;2032395;2032395;A;1.0101
3000003550;PT896;2032405;2032405;A;1.0109
3000003550;PT897;2032635;2032635;A;1.0102
3000003550;PT898;2032645;2032645;A;1.0101
3000003550;PT899;2032655;2032655;A;1.0102
3000003550;PT900;2032665;2032665;A;1.0102
3000003550;PT901;2032365;2032365;A;1.0102
3000003550;PT902;2011264;2011264;A;1.0103
3000003550;PT903;2040354;2040354;A;1.0102
3000003550;PT904;2060464;2060464;A;1.0098
3000003550;PT905;2121864;2121864;A;1.0099
3000003550;PT906;2080953;2080953;A;1.0092
3000003550;PT907;2051412;2051412;A;1.0101
3000000467;PT908;2030160;2030160;A;1.0364
3000000467;PT909;1050459;1050459;A;1.0364
3000000467;PT910;1051879;1051879;A;1.0371
3000000467;PT911;1052129;1052129;A;1.0363
3000000467;PT912;1061689;1061689;A;1.0363
3000000467;PT913;1091399;1091399;A;1.0361
3000000467;PT914;1100049;1100049;A;1.0362
3000000467;PT915;1101909;1101909;A;1.0362
3000000467;PT916;1110949;1110949;A;1.0359
3000000467;PT917;1010168;1010168;A;1.0370
3000000467;PT918;1070358;1070358;A;1.0359
3000000467;PT919;1072218;1072218;A;1.0367
3000000467;PT920;1090288;1090288;A;1.0371
3000000467;PT921;1091148;1091148;A;1.0370
3000000467;PT922;1101588;1101588;A;1.0369
3000000467;PT923;1110148;1110148;A;1.0364
3000000467;PT924;1110308;1110308;A;1.0368
3000000467;PT925;1020147;1020147;A;1.0366
3000000467;PT926;1040787;1040787;A;1.0359
3000000467;PT927;1090917;1090917;A;1.0374
3000000467;PT928;1111617;1111617;A;1.0368
3000006666;PT929;2110333;2110333;A;1.0723
3000006666;PT930;2100092;2100092;A;1.0719
3000006666;PT931;2070661;2070661;A;1.0736
3000006666;PT932;2120171;2120171;A;1.0735
3000006666;PT933;2050460;2050460;A;1.0761
3000006666;PT934;1080869;1080869;A;1.0732
3000006666;PT935;1121069;1121069;A;1.0730
3000006666;PT936;1020508;1020508;A;1.0718
3000006666;PT937;1090538;1090538;A;1.0733
3000006666;PT938;1120906;1120906;A;1.0688
3000006666;PT939;1010877;1010877;A;1.0725
3000006666;PT940;1060926;1060926;A;1.0719
3000006666;PT941;1120906;1120906;A;1.0715
3000006666;PT942;1120715;1120715;A;1.0717
3000001642;PT943;2031104;2031104;A;1.0010
3000001642;PT944;2031474;2031474;A;1.0008
3000001642;PT945;2031484;2031484;A;1.0004
3000001642;PT946;2040074;2040074;A;1.0006
3000001642;PT947;2040084;2040084;A;1.0009
3000001642;PT948;2040104;2040104;A;1.0007
3000001642;PT949;2040094;2040094;A;1.0015
3000001642;PT950;2040114;2040114;A;1.0004
3000001642;PT951;2041044;2041044;A;1.0010
3000001642;PT952;2032083;2032083;A;1.0009
3000001642;PT953;2051672;2051672;A;1.0010
3000001642;PT954;2011020;2011020;A;1.0009
3000001642;PT955;2020010;2020010;A;1.0013
3000001642;PT956;2070250;2070250;A;1.0010
3000001642;PT957;2080470;2080470;A;1.0011
3000001642;PT958;2091610;2091610;A;1.0010
3000001642;PT959;2091900;2091900;A;1.0010
3000001642;PT960;2100070;2100070;A;1.0010
3000001642;PT961;2100340;2100340;A;1.0011
3000001642;PT962;2100350;2100350;A;1.0009
3000001000;PT963;2031445;2031445;A;1.0068
3000001000;PT964;2030815;2030815;A;1.0070
3000001000;PT965;2030815;2030815;A;1.0068
3000001000;PT966;2030845;2030845;A;1.0068
3000001000;PT967;2030855;2030855;A;1.0063
3000001000;PT968;2030865;2030865;A;1.0067
3000001000;PT969;2030875;2030875;A;1.0069
3000001000;PT970;2010974;2010974;A;1.0070
3000001000;PT971;2121684;2121684;A;1.0070
3000001000;PT972;2121684;2121684;A;1.0068
3000001000;PT973;2090673;2090673;A;1.0047
3000001000;PT974;2100693;2100693;A;1.0070
3000001000;PT975;2011622;2011622;A;1.0069
3000001000;PT976;2061342;2061342;A;1.0070
3000001000;PT977;2020481;2020481;A;1.0069
3000001000;PT978;2070121;2070121;A;1.0069
3000001000;PT979;2100841;2100841;A;1.0070
3000001000;PT980;2020840;2020840;A;1.0067
3000001000;PT981;2100020;2100020;A;1.0070
3000001000;PT982;1030059;1030059;A;1.0069
3000001000;PT983;1060769;1060769;A;1.0070
3000001781;PT984;2022585;2022585;A;1.0154
3000001781;PT985;2031024;2031024;A;1.0210
3000001781;PT986;2050574;2050574;A;1.0160
3000001781;PT987;2070554;2070554;A;1.0143
3000001781;PT988;2080634;2080634;A;1.0157
3000001781;PT989;2091874;2091874;A;1.0140
3000001781;PT990;2120974;2120974;A;1.0147
3000001781;PT991;2031473;2031473;A;1.0127
3000001781;PT992;2041413;2041413;A;1.0164
3000001781;PT993;2061523;2061523;A;1.0146
3000001781;PT994;2062023;2062023;A;1.0160
3000001781;PT995;2010342;2010342;A;1.0153
3000001781;PT996;2021292;2021292;A;1.0159
3000001781;PT997;2020872;2020872;A;1.0155
3000001781;PT998;2050232;2050232;A;1.0161
3000001781;PT999;2071262;2071262;A;1.0156
3000001781;PT1000;2081582;2081582;A;1.0163
3000001781;PT1001;2091192;2091192;A;1.0166
3000001781;PT1002;2120772;2120772;A;1.0161
3000001781;PT1003;2021041;2021041;A;1.0163
3000001781;PT1004;2070851;2070851;A;1.0153
3000001781;PT1005;2080941;2080941;A;1.0162
3000001781;PT1006;2100831;2100831;A;1.0156
3000001050;PT1007;2011965;2011965;A;1.0148
3000001050;PT1008;2012315;2012315;A;1.0148
3000001050;PT1009;2010594;2010594;A;1.0139
3000001050;PT1010;2011004;2011004;A;1.0117
3000001050;PT1011;2020164;2020164;A;1.0131
3000001050;PT1012;2030944;2030944;A;1.0152
3000001050;PT1013;2031094;2031094;A;1.0136
3000001050;PT1014;2041604;2041604;A;1.0139
3000001050;PT1015;2051214;2051214;A;1.0132
3000001050;PT1016;2051494;2051494;A;1.0137
3000001050;PT1017;2061494;2061494;A;1.0143
3000001050;PT1018;2071544;2071544;A;1.0151
3000001050;PT1019;2082444;2082444;A;1.0133
3000001050;PT1020;2091044;2091044;A;1.0125
3000001050;PT1021;2091644;2091644;A;1.0145
3000001050;PT1022;2121604;2121604;A;1.0146
3000001050;PT1023;2010173;2010173;A;1.0139
3000001050;PT1024;2030073;2030073;A;1.0136
3000001050;PT1025;2031773;2031773;A;1.0133
3000001050;PT1026;2040123;2040123;A;1.0128
3000001050;PT1027;2040133;2040133;A;1.0127
3000001050;PT1028;2051583;2051583;A;1.0144
3000001050;PT1029;2051593;2051593;A;1.0135
3000001050;PT1030;2052353;2052353;A;1.0150
3000001050;PT1031;2060843;2060843;A;1.0136
3000001050;PT1032;2062053;2062053;A;1.0133
3000001050;PT1033;2061123;2061123;A;1.0141
3000001050;PT1034;2081003;2081003;A;1.0128
3000001050;PT1035;2080363;2080363;A;1.0116
3000001050;PT1036;2081683;2081683;A;1.0132
3000001050;PT1037;2090423;2090423;A;1.0140
3000001050;PT1038;2100523;2100523;A;1.0143
3000001050;PT1039;2100563;2100563;A;1.0136
3000001050;PT1040;2110563;2110563;A;1.0146
3000001050;PT1041;2120193;2120193;A;1.0109
3000001050;PT1042;2120203;2120203;A;1.0144
3000001631;PT1043;2020154;2020154;A;0.9981
3000001631;PT1044;1030259;1030259;A;0.9979
3000001631;PT1045;1030259;1030259;A;0.9987
3000001631;PT1046;1030757;1030757;A;0.9986
3000001631;PT1047;1030696;1030696;A;0.9977
3000007777;PT1048;1021198;1021198;A;1.0024
3000007777;PT1049;1080298;1080298;A;1.0021
3000007777;PT1050;1080948;1080948;A;1.0022
3000007777;PT1051;1110778;1110778;A;1.0018
3000007777;PT1052;1070247;1070247;A;1.0028
3000007777;PT1053;1090657;1090657;A;1.0022
